"관리기관명",소재지도로명주소,소재지지번주소,설치목적구분,카메라대수,카메라화소수,촬영방면정보,보관일수,설치년월,관리기관전화번호,위도,경도,데이터기준일자
"부산광역시 서구청",부산광역시 서구 고운들로 24 (부용동2가 61-2),부산광역시 서구 부용동2가 61-2,다목적,1,200,360도 전방면,30,2009-02,051-240-4125,35.10594973,129.0187682,2019-09-10
"부산광역시 서구청",부산광역시 서구 대영로86번길 47 (동대신동1가 316-4),부산광역시 서구 동대신동1가 316-4,다목적,1,200,360도 전방면,30,2009-02,051-240-4125,35.10903996,129.0217353,2019-09-10
"부산광역시 서구청",부산광역시 서구 보수대로194번길 13 (동대신동2가 64),부산광역시 서구 동대신동2가 64,다목적,1,200,360도 전방면,30,2009-02,051-240-4125,35.11300725,129.0218245,2019-09-10
"부산광역시 서구청",부산광역시 서구 구덕로334번길 26 (동대신동3가 355-1),부산광역시 서구 동대신동3가 355-1,다목적,1,200,360도 전방면,30,2009-02,051-240-4125,35.11382567,129.0172736,2019-09-10
"부산광역시 서구청",부산광역시 서구 아미로 127 (아미동2가 196-1),부산광역시 서구 아미동2가 196-1,다목적,1,200,360도 전방면,30,2009-02,051-240-4125,35.09894972,129.015499,2019-09-10
"부산광역시 서구청",부산광역시 서구 해돋이로287번길 16-1 (서대신동1가 115-5),부산광역시 서구 부민동3가 54-323,다목적,1,200,360도 전방면,30,2009-02,051-240-4125,35.1021698,129.0157131,2019-09-10
"부산광역시 서구청",부산광역시 서구 고운들로 98 (서대신동1가 115-5),부산광역시 서구 서대신동1가 115-5,다목적,1,200,360도 전방면,30,2009-02,051-240-4125,35.10826573,129.0164961,2019-09-10
"부산광역시 서구청",부산광역시 서구 암남로14번길 12 (암남동 300-2),부산광역시 서구 암남동 300-2,다목적,1,200,360도 전방면,30,2009-02,051-240-4125,35.07925704,129.0155055,2019-09-10
"부산광역시 서구청",부산광역시 서구 남부민로10번길 20 (남부민동 673),부산광역시 서구 남부민동 673,다목적,1,200,360도 전방면,30,2009-02,051-240-4125,35.08527615,129.0242051,2019-09-10
"부산광역시 서구청",부산광역시 서구 천해로13번길 58 (남부민동 609-208),부산광역시 서구 남부민동 609-208,다목적,1,200,360도 전방면,30,2009-02,051-240-4125,35.08207628,129.0178683,2019-09-10
"부산광역시 서구청",부산광역시 서구 해돋이로 72 (남부민동 465-80),부산광역시 서구 남부민동 465-80,다목적,1,200,360도 전방면,30,2009-02,051-240-4125,35.0852559,129.0206656,2019-09-10
"부산광역시 서구청",부산광역시 서구 암남공원로14번길 12-13 (암남동 518-6),부산광역시 서구 암남동 518-6,다목적,1,200,360도 전방면,30,2009-02,051-240-4125,35.07541326,129.0144901,2019-09-10
"부산광역시 서구청",부산광역시 서구 대신로 47 (서대신동3가 627-13),부산광역시 서구 서대신동3가 627-13,다목적,1,200,360도 전방면,30,2009-02,051-240-4125,35.11434321,129.0121624,2019-09-10
"부산광역시 서구청",부산광역시 서구 까치고개로245번길 2 (토성동1가 11-36),부산광역시 서구 토성동1가 11-36,다목적,1,200,360도 전방면,30,2010-02,051-240-4125,35.0997298,129.0228811,2019-09-10
"부산광역시 서구청",부산광역시 서구 충무대로 25 (암남동 313),부산광역시 서구 암남동 313,다목적,1,200,360도 전방면,30,2010-02,051-240-4125,35.0782143,129.0155937,2019-09-10
"부산광역시 서구청",부산광역시 서구 대영로85번길 81-19 (동대신동3가 315),부산광역시 서구 동대신동3가 315,다목적,1,200,360도 전방면,30,2010-02,051-240-4125,35.11386005,129.0175903,2019-09-10
"부산광역시 서구청",부산광역시 서구 부용로 11 (서대신동1가 63),부산광역시 서구 서대신동1가 63,다목적,1,200,360도 전방면,30,2010-02,051-240-4125,35.10867838,129.0168265,2019-09-10
"부산광역시 서구청",부산광역시 서구 대영로86번길 56 (동대신동1가 348),부산광역시 서구 동대신동1가 348,다목적,1,200,360도 전방면,30,2010-02,051-240-4125,35.1085708,129.0210643,2019-09-10
"부산광역시 서구청",부산광역시 서구 대티로108번길 42-1 (서대신동2가 504-9),부산광역시 서구 서대신동2가 504-9,다목적,1,200,360도 전방면,30,2010-02,051-240-4125,35.10863427,129.0114562,2019-09-10
"부산광역시 서구청",부산광역시 서구 대영로45번길 56 (서대신동2가 16),부산광역시 서구 서대신동2가 16,다목적,1,200,360도 전방면,30,2010-02,051-240-4125,35.11190835,129.0153005,2019-09-10
"부산광역시 서구청",부산광역시 서구 충무대로275번길 21-1 (충무동2가 4-33),부산광역시 서구 충무동2가 4-33,다목적,1,200,360도 전방면,30,2010-02,051-240-4125,35.09522108,129.0229378,2019-09-10
"부산광역시 서구청",부산광역시 서구 흑교로109번길 34 (부용동1가 61),부산광역시 서구 부용동1가 61,다목적,1,200,360도 전방면,30,2010-02,051-240-4125,35.10607977,129.0204822,2019-09-10
"부산광역시 서구청",부산광역시 서구 구덕로134번길 45 (토성동2가 25),부산광역시 서구 토성동2가 25,다목적,1,200,360도 전방면,30,2010-02,051-240-4125,35.098643,129.0213507,2019-09-10
"부산광역시 서구청",부산광역시 서구 천마로 153 (남부민동 76),부산광역시 서구 남부민동 76,다목적,1,200,360도 전방면,30,2010-02,051-240-4125,35.08941809,129.0233338,2019-09-10
"부산광역시 서구청",부산광역시 서구 꽃마을로 24 (서대신동3가 147-2),부산광역시 서구 서대신동3가 147-2,다목적,1,200,360도 전방면,30,2010-02,051-240-4125,35.11653117,129.0130366,2019-09-10
"부산광역시 서구청",부산광역시 서구 보동길 272-19 (동대신동2가 87-9),부산광역시 서구 동대신동2가 87-9,다목적,1,200,360도 전방면,30,2010-12,051-240-4125,35.11344986,129.0238139,2019-09-10
"부산광역시 서구청",부산광역시 서구 보수대로280번길 9 (서대신동3가 74-1),부산광역시 서구 서대신동3가 74-1,다목적,1,200,360도 전방면,30,2010-12,051-240-4125,35.11879365,129.0152815,2019-09-10
"부산광역시 서구청",부산광역시 서구 고운들로153번길 36 (서대신동2가 508-53),부산광역시 서구 서대신동2가 508-53,다목적,1,200,360도 전방면,30,2010-12,051-240-4125,35.10759926,129.0127862,2019-09-10
"부산광역시 서구청",부산광역시 서구 고운들로 138 (서대신동1가 147-4),부산광역시 서구 서대신동1가 147-4,다목적,1,200,360도 전방면,30,2010-12,051-240-4125,35.10854612,129.0143755,2019-09-10
"부산광역시 서구청",부산광역시 서구 성산길 7 (암남동 42-1),부산광역시 서구 암남동 42-1,다목적,1,200,360도 전방면,30,2010-12,051-240-4125,35.0804771,129.0165275,2019-09-10
"부산광역시 서구청",부산광역시 서구 송도해변로173번길 50 (암남동 137-5),부산광역시 서구 암남동 137-5,다목적,1,200,360도 전방면,30,2010-12,051-240-4125,35.0774733,129.0219267,2019-09-10
"부산광역시 서구청",부산광역시 서구 천해로 6 (남부민동 440-1),부산광역시 서구 남부민동 440-1,다목적,1,200,360도 전방면,30,2010-12,051-240-4125,35.08310527,129.0179858,2019-09-10
"부산광역시 서구청",부산광역시 서구 충무대로241번길 7 (남부민동 645-2),부산광역시 서구 남부민동 645-2,다목적,1,200,360도 전방면,30,2011-04,051-240-4125,35.09207927,129.0234961,2019-09-10
"부산광역시 서구청",부산광역시 서구 천마로193번길 18-2 (남부민동 23-59),부산광역시 서구 남부민동 23-59,다목적,1,200,360도 전방면,30,2011-04,051-240-4125,35.0927208,129.0211261,2019-09-10
"부산광역시 서구청",부산광역시 서구 천마로131번길 14-1 (남부민동 121-2),부산광역시 서구 남부민동 121-2,다목적,1,200,360도 전방면,30,2011-04,051-240-4125,35.08788233,129.0226951,2019-09-10
"부산광역시 서구청",부산광역시 서구 천마산로 18 (남부민동 428-369),부산광역시 서구 남부민동 428-369,다목적,1,200,360도 전방면,30,2011-04,051-240-4125,35.08423357,129.017768,2019-09-10
"부산광역시 서구청",부산광역시 서구 남부민로40번길 15 (남부민동 300),부산광역시 서구 남부민동 300,다목적,1,200,360도 전방면,30,2011-04,051-240-4125,35.08495737,129.0232193,2019-09-10
"부산광역시 서구청",부산광역시 서구 보수대로154번길 28 (동대신동1가 299-9),부산광역시 서구 동대신동1가 299-9,다목적,1,200,360도 전방면,30,2011-04,051-240-4125,35.1104907,129.0233161,2019-09-10
"부산광역시 서구청",부산광역시 서구 망양로193번길 60 (동대신동2가 100-76),부산광역시 서구 동대신동2가 100-76,다목적,1,200,360도 전방면,30,2011-04,051-240-4125,35.1127599982,129.0273458,2019-09-10
"부산광역시 서구청",부산광역시 서구 망양로159번길 10 (동대신동2가 77-109),부산광역시 서구 동대신동2가 77-109,다목적,1,200,360도 전방면,30,2011-04,051-240-4125,35.11556803,129.023897,2019-09-10
"부산광역시 서구청",부산광역시 서구 망양로92번길 15 (동대신동3가 97-5),부산광역시 서구 동대신동3가 97-5,다목적,1,200,360도 전방면,30,2011-04,051-240-4125,35.11640835,129.0191184,2019-09-10
"부산광역시 서구청",부산광역시 서구 보수대로264번길 33 (동대신동3가 13-121),부산광역시 서구 동대신동3가 13-121,다목적,1,200,360도 전방면,30,2011-04,051-240-4125,35.11927946,129.0172809,2019-09-10
"부산광역시 서구청",부산광역시 서구 보수대로320번길 11 (서대신동3가 19-9),부산광역시 서구 서대신동3가 19-9,다목적,1,130,360도 전방면,30,2011-04,051-240-4125,35.12068957,129.0120378,2019-09-10
"부산광역시 서구청",부산광역시 서구 대청로6번길 30 (토성동3가 3-1),부산광역시 서구 토성동3가 3-1,다목적,1,200,360도 전방면,30,2011-04,051-240-4125,35.10193694,129.0203273,2019-09-10
"부산광역시 서구청",부산광역시 서구 임시수도기념로 61 (부민동3가 21-41),부산광역시 서구 부민동3가 21-41,다목적,1,200,360도 전방면,30,2011-04,051-240-4125,35.10375206,129.0169639,2019-09-10
"부산광역시 서구청",부산광역시 서구 대신로45번길 32-1 (서대신동3가 650-69),부산광역시 서구 서대신동3가 650-69,다목적,1,200,360도 전방면,30,2011-04,051-240-4125,35.11501098,129.0108058,2019-09-10
"부산광역시 서구청",부산광역시 서구 보수대로293번길 11 (서대신동3가 96-25),부산광역시 서구 서대신동3가 96-25,다목적,1,200,360도 전방면,30,2011-04,051-240-4125,35.118428,129.0133872,2019-09-10
"부산광역시 서구청",부산광역시 서구 암남로58번길 76 (암남동 24-41),부산광역시 서구 암남동 24-41,다목적,1,200,360도 전방면,30,2011-04,051-240-4125,35.0798859,129.0142536,2019-09-10
"부산광역시 서구청",부산광역시 서구 해돋이로226번길 13 (초장동 41-19),부산광역시 서구 초장동 41-19,다목적,1,200,360도 전방면,30,2011-04,051-240-4125,35.09724165,129.0182815,2019-09-10
"부산광역시 서구청",부산광역시 서구 망양로221번길 17 (동대신동1가 16-420),부산광역시 서구 동대신동1가 16-420,다목적,1,200,360도 전방면,30,2012-06,051-240-4125,35.110371,129.0255348,2019-09-10
"부산광역시 서구청",부산광역시 서구 보수대로210번길 35 (동대신동2가 75-129),부산광역시 서구 동대신동2가 75-129,다목적,1,200,360도 전방면,30,2012-06,051-240-4125,35.11407459,129.0224519,2019-09-10
"부산광역시 서구청",부산광역시 서구 구덕로346번길 28 (동대신동3가 207),부산광역시 서구 동대신동3가 207,다목적,1,200,360도 전방면,30,2012-06,051-240-4125,35.11491189,129.0169845,2019-09-10
"부산광역시 서구청",부산광역시 서구 구덕로301번길 29 (서대신동2가 143-8),부산광역시 서구 서대신동2가 143-8,다목적,4,200,360도 전방면,30,2012-06,051-240-4125,35.11020484,129.0158596,2019-09-10
"부산광역시 서구청",부산광역시 서구 구덕로327번길 16 (서대신동3가 360-10),부산광역시 서구 서대신동3가 360-10,다목적,1,200,360도 전방면,30,2012-06,051-240-4125,35.11284286,129.0154639,2019-09-10
"부산광역시 서구청",부산광역시 서구 보수대로280번길 33 (서대신동3가 61-52),부산광역시 서구 서대신동3가 61-52,다목적,2,200,360도 전방면,30,2012-06,051-240-4125,35.11976133,129.0160512,2019-09-10
"부산광역시 서구청",부산광역시 서구 꽃마을로163번길 4 (서대신동3가 7-7),부산광역시 서구 서대신동3가 7-7,다목적,1,200,360도 전방면,30,2012-06,051-240-4125,35.12760997,129.0068595,2019-09-10
"부산광역시 서구청",부산광역시 서구 임시수도기념로 45 (부민동3가 22),부산광역시 서구 부민동3가 22,다목적,1,200,360도 전방면,30,2012-06,051-240-4125,35.10374876,129.0175954,2019-09-10
"부산광역시 서구청",부산광역시 서구 구덕로193번길 25 (아미동2가 1-3),부산광역시 서구 아미동2가 1-3,다목적,4,200,360도 전방면,30,2012-06,051-240-4125,35.1019829,129.0184397,2019-09-10
"부산광역시 서구청",부산광역시 서구 구덕로165번길 25 (아미동2가 70-1),부산광역시 서구 아미동2가 70-1,다목적,4,200,360도 전방면,30,2012-06,051-240-4125,35.0991399,129.0183242,2019-09-10
"부산광역시 서구청",부산광역시 서구 까치고개로 160번길 38 (아미동2가 195-3),부산광역시 서구 아미동2가 195-3,다목적,1,200,360도 전방면,30,2012-06,051-240-4125,35.09936185,129.0152109,2019-09-10
"부산광역시 서구청",부산광역시 서구 아미로 2 (아미동2가 231-130),부산광역시 서구 아미동2가 231-130,다목적,1,200,360도 전방면,30,2012-06,051-240-4125,35.09804808,129.0116215,2019-09-10
"부산광역시 서구청",부산광역시 서구 까치고개로 91 (아미동2가 261-128),부산광역시 서구 아미동2가 261-128,다목적,1,200,360도 전방면,30,2012-06,051-240-4125,35.1046914,129.0107627,2019-09-10
"부산광역시 서구청",부산광역시 서구 아미초장로 40 (초장동 65-12),부산광역시 서구 초장동 65-12,다목적,1,200,360도 전방면,30,2012-06,051-240-4125,35.09655869,129.0198963,2019-09-10
"부산광역시 서구청",부산광역시 서구 초장로8번길 20 (초장동 111-10),부산광역시 서구 초장동 111-10,다목적,1,200,360도 전방면,30,2012-06,051-240-4125,35.0936102,129.019670036,2019-09-10
"부산광역시 서구청",부산광역시 서구 초장로 51-3 (초장동 67-6),부산광역시 서구 초장동 67-6,다목적,1,200,360도 전방면,30,2012-06,051-240-4125,35.09674373,129.0209052,2019-09-10
"부산광역시 서구청",부산광역시 서구 구덕로 150 (토성동3가 33-19),부산광역시 서구 토성동3가 33-19,다목적,1,200,360도 전방면,30,2012-06,051-240-4125,35.09830228,129.0206104,2019-09-10
"부산광역시 서구청",부산광역시 서구 충무시장길 17 (충무동1가 27-1),부산광역시 서구 충무동1가 27-1,다목적,1,200,360도 전방면,30,2012-06,051-240-4125,35.09571942,129.0237483,2019-09-10
"부산광역시 서구청",부산광역시 서구 천마로 171 (남부민동 66-3),부산광역시 서구 남부민동 66-3,다목적,1,200,360도 전방면,30,2012-06,051-240-4125,35.09087638,129.0225673,2019-09-10
"부산광역시 서구청",부산광역시 서구 천마로199번길 26 (남부민동 23-101),부산광역시 서구 남부민동 23-101,다목적,1,200,360도 전방면,30,2012-06,051-240-4125,35.09309313,129.0206309,2019-09-10
"부산광역시 서구청",부산광역시 서구 초장로18번길 50 (남부민동 50-266),부산광역시 서구 남부민동 50-266,다목적,1,200,360도 전방면,30,2012-06,051-240-4125,35.09187293,129.020307,2019-09-10
"부산광역시 서구청",부산광역시 서구 남부민로44번길 15 (남부민동 494),부산광역시 서구 남부민동 494,다목적,1,200,360도 전방면,30,2012-06,051-240-4125,35.08470818,129.0225992,2019-09-10
"부산광역시 서구청",부산광역시 서구 암남공원로 38-14 (암남동 560-1),부산광역시 서구 암남동 560-1,다목적,1,200,360도 전방면,30,2012-06,051-240-4125,35.07263303,129.0154171,2019-09-10
"부산광역시 서구청",부산광역시 서구 구덕로286번길 23 (동대신동1가 125-2),부산광역시 서구 동대신동1가 125-2,다목적,1,200,360도 전방면,30,2012-12,051-240-4125,35.1100109,129.0193853,2019-09-10
"부산광역시 서구청",부산광역시 서구 보동길311번길 3-1 (동대신동2가 77-40),부산광역시 서구 동대신동2가 77-40,다목적,1,200,360도 전방면,30,2012-12,051-240-4125,35.11439761,129.0223195,2019-09-10
"부산광역시 서구청",부산광역시 서구 망양로174번길 39 (동대신동2가 87-9),부산광역시 서구 동대신동2가 87-9,다목적,1,200,360도 전방면,30,2012-12,051-240-4125,35.11321574,129.0253128,2019-09-10
"부산광역시 서구청",부산광역시 서구 대티로 120 (서대신동2가 467-11),부산광역시 서구 서대신동2가 467-11,다목적,1,200,360도 전방면,30,2012-12,051-240-4125,35.10992486,129.0097113,2019-09-10
"부산광역시 서구청",부산광역시 서구 구덕로265번길 14-5 (서대신동1가 33-1),부산광역시 서구 서대신동1가 33-1,다목적,1,200,360도 전방면,30,2012-12,051-240-4125,35.10826938,129.0186588,2019-09-10
"부산광역시 서구청",부산광역시 서구 대영로45번길 80 (서대신동3가 353),부산광역시 서구 서대신동3가 353,다목적,1,200,360도 전방면,30,2012-12,051-240-4125,35.1129321,129.0147902,2019-09-10
"부산광역시 서구청",부산광역시 서구 시약로 11 (서대신동2가 473),부산광역시 서구 서대신동2가 473,다목적,1,200,360도 전방면,30,2012-12,051-240-4125,35.11046921,129.0094922,2019-09-10
"부산광역시 서구청",부산광역시 서구 엄광산로 36 (서대신동3가 6-7),부산광역시 서구 서대신동3가 6-7,다목적,1,200,360도 전방면,30,2012-12,051-240-4125,35.12845096,129.0089687,2019-09-10
"부산광역시 서구청",부산광역시 서구 대청로 6 (부민동1가 22-1),부산광역시 서구 부민동1가 22-1,다목적,1,200,360도 전방면,30,2012-12,051-240-4125,35.1030919,129.0204366,2019-09-10
"부산광역시 서구청",부산광역시 서구 부용로32번길 9 (부용동2가 39),부산광역시 서구 부용동2가 39,다목적,1,200,360도 전방면,30,2012-12,051-240-4125,35.1072251,129.0186859,2019-09-10
"부산광역시 서구청",부산광역시 서구 고운들로 47 (부용동2가 97-13),부산광역시 서구 부용동2가 97-13,다목적,1,200,360도 전방면,30,2012-12,051-240-4125,35.1061879,129.0174686,2019-09-10
"부산광역시 서구청",부산광역시 서구 까치고개로137번길 25-10 (아미동2가 산 3-75),부산광역시 서구 아미동2가 산 3-75,다목적,1,200,360도 전방면,30,2012-12,051-240-4125,35.10090105,129.0130425,2019-09-10
"부산광역시 서구청",부산광역시 서구 까치고개로99번길 19 (아미동2가 261-46),부산광역시 서구 아미동2가 261-46,다목적,1,200,360도 전방면,30,2012-12,051-240-4125,35.1044806,129.0123173,2019-09-10
"부산광역시 서구청",부산광역시 서구 해돋이로173번길 19-2 (초장동 136-33),부산광역시 서구 초장동 136-33,다목적,1,200,360도 전방면,30,2012-12,051-240-4125,35.09236427,129.0176438,2019-09-10
"부산광역시 서구청",부산광역시 서구 초장로 40-4 (초장동 83-19),부산광역시 서구 초장동 83-19,다목적,1,200,360도 전방면,30,2012-12,051-240-4125,35.09553848,129.0207658,2019-09-10
"부산광역시 서구청",부산광역시 서구 천마로205번길 45-3 (충무동2가 33-6),부산광역시 서구 충무동2가 33-6,다목적,1,200,360도 전방면,30,2012-12,051-240-4125,35.09543628,129.0217063,2019-09-10
"부산광역시 서구청",부산광역시 서구 구덕로119번길 11 (충무동2가 1-13),부산광역시 서구 충무동2가 1-13,다목적,1,200,360도 전방면,30,2012-12,051-240-4125,35.09593938,129.0230959,2019-09-10
"부산광역시 서구청",부산광역시 서구 천마로187번길 37-13 (남부민동 50-101),부산광역시 서구 남부민동 50-101,다목적,1,200,360도 전방면,30,2012-12,051-240-4125,35.09155459,129.0210228,2019-09-10
"부산광역시 서구청",부산광역시 서구 암남로58번길 27 (암남동 470-3),부산광역시 서구 암남동 470-3,다목적,1,200,360도 전방면,30,2012-12,051-240-4125,35.0788923,129.0123432,2019-09-10
"부산광역시 서구청",부산광역시 서구 남부민로 15 (남부민동 509),부산광역시 서구 남부민동 509,다목적,1,200,360도 전방면,30,2012-12,051-240-4125,35.08423297,129.024074,2019-09-10
"부산광역시 서구청",부산광역시 서구 대영로86번길 16 (동대신동1가 172),부산광역시 서구 동대신동1가 172,다목적,1,200,360도 전방면,30,2012-12,051-240-4125,35.110337,129.0207978,2019-09-10
"부산광역시 서구청",부산광역시 서구 보수대로280번길 19 (서대신동3가 66-20),부산광역시 서구 서대신동3가 66-20,다목적,1,200,360도 전방면,30,2012-12,051-240-4125,35.11925959,129.0154421,2019-09-10
"부산광역시 서구청",부산광역시 서구 보수대로242번길 10-14 (동대신동3가 138-2),부산광역시 서구 동대신동3가 138-2,다목적,1,200,360도 전방면,30,2012-12,051-240-4125,35.11575128,129.0187469,2019-09-10
"부산광역시 서구청",부산광역시 서구 꽃마을로29번길 30 (서대신동3가 161-26),부산광역시 서구 서대신동3가 161-26,다목적,1,200,360도 전방면,30,2012-12,051-240-4125,35.11693372,129.0109364,2019-09-10
"부산광역시 서구청",부산광역시 서구 흑교로105번길 17 (부용동1가 40-1),부산광역시 서구 부용동1가 40-1,다목적,1,200,360도 전방면,30,2012-12,051-240-4125,35.10676675,129.0214378,2019-09-10
"부산광역시 서구청",부산광역시 서구 까치고개로128번길 26 (아미동2가 244-30),부산광역시 서구 아미동2가 244-30,다목적,1,200,360도 전방면,30,2012-12,051-240-4125,35.10264304,129.0101641,2019-09-10
"부산광역시 서구청",부산광역시 서구 천마로143번길 24-1 (남부민동 103-13),부산광역시 서구 남부민동 103-13,다목적,1,200,360도 전방면,30,2012-12,051-240-4125,35.08886889,129.0227633,2019-09-10
"부산광역시 서구청",부산광역시 서구 암남로 82 (암남동 482-1),부산광역시 서구 암남동 482-1,다목적,1,200,360도 전방면,30,2012-12,051-240-4125,35.07743993,129.0137902,2019-09-10
"부산광역시 서구청",부산광역시 서구 천해로13번길 16-9 (남부민2동 434-37),부산광역시 서구 남부민동 434-37,다목적,1,200,360도 전방면,30,2012-12,051-240-4125,35.08331632,129.0163509,2019-09-10
"부산광역시 서구청",부산광역시 서구 천해로13번라길 56 (암남동 산26-2),부산광역시 서구 암남동 산26-2,다목적,1,200,360도 전방면,30,2012-12,051-240-4125,35.08091327,129.0186553,2019-09-10
"부산광역시 서구청",부산광역시 서구 고운들로189번나길 8 (서대신동2가 441-3),부산광역시 서구 서대신동2가 441-3,다목적,1,200,360도 전방면,30,2012-12,051-240-4125,35.10909701,129.0118097,2019-09-10
"부산광역시 서구청",부산광역시 서구 꽃마을로 88 (서대신동3가 산 18-1),부산광역시 서구 서대신동3가 산 18-1,다목적,1,200,360도 전방면,30,2012-12,051-240-4125,35.12180649,129.0094636,2019-09-10
"부산광역시 서구청",부산광역시 서구 초장로8번길 39 (초장동 100-48),부산광역시 서구 초장동 100-48,다목적,1,200,360도 전방면,30,2012-12,051-240-4125,35.09400187,129.0206095,2019-09-10
"부산광역시 서구청",부산광역시 서구 충무대로276번길 15 (충무동1가 23-7),부산광역시 서구 충무동1가 23-7,다목적,1,200,360도 전방면,30,2012-12,051-240-4125,35.09516529,129.0251995,2019-09-10
"부산광역시 서구청",부산광역시 서구 천마로111번길 12 (남부민동 222-7),부산광역시 서구 남부민동 222-7,다목적,1,200,360도 전방면,30,2012-12,051-240-4125,35.08609427,129.0220545,2019-09-10
"부산광역시 서구청",부산광역시 서구 암남공원로 179-13 (암남동 620-2),부산광역시 서구 암남동 620-2,다목적,1,200,360도 전방면,30,2012-12,051-240-4125,35.06270316,129.0196798,2019-09-10
"부산광역시 서구청",부산광역시 서구 보동길 189-1 (동대신동1가 16-26),부산광역시 서구 동대신동1가 16-26,다목적,1,200,360도 전방면,30,2014-01,051-240-4125,35.110566,129.0240059,2019-09-10
"부산광역시 서구청",부산광역시 서구 구덕로286번길 6 (동대신동1가 150-5),부산광역시 서구 동대신동1가 150-5,다목적,1,200,360도 전방면,30,2014-01,051-240-4125,35.1095755,129.0186427,2019-09-10
"부산광역시 서구청",부산광역시 서구 보수대로 202-50 (동대신동2가 50-41),부산광역시 서구 동대신동2가 50-41,다목적,1,200,360도 전방면,30,2014-01,051-240-4125,35.11389948,129.0212807,2019-09-10
"부산광역시 서구청",부산광역시 서구 천마로 77번길 19-2 (남부민동 441-17),부산광역시 서구 남부민동 441-17,다목적,1,200,360도 전방면,30,2014-01,051-240-4125,35.08333806,129.0189431,2019-09-10
"부산광역시 서구청",부산광역시 서구 망양로 99-6 (동대신동3가 85-6),부산광역시 서구 동대신동3가 85-6,다목적,1,200,360도 전방면,30,2014-01,051-240-4125,35.11775554,129.0180944,2019-09-10
"부산광역시 서구청",부산광역시 서구 망양로111번길 57 (동대신동3가 50-13),부산광역시 서구 동대신동3가 50-13,다목적,1,200,360도 전방면,30,2014-01,051-240-4125,35.11987848,129.0200552,2019-09-10
"부산광역시 서구청",부산광역시 서구 구덕로315번길 9 (서대신동2가 35-7),부산광역시 서구 서대신동2가 35-7,다목적,1,200,360도 전방면,30,2014-01,051-240-4125,35.11179025,129.0163329,2019-09-10
"부산광역시 서구청",부산광역시 서구 고운들로 203 (서대신동2가 411-10),부산광역시 서구 서대신동2가 411-10,다목적,1,200,360도 전방면,30,2014-01,051-240-4125,35.10981292,129.0112439,2019-09-10
"부산광역시 서구청",부산광역시 서구 구덕로333번길 41-6 (서대신동3가 350-3),부산광역시 서구 서대신동3가 350-3,다목적,1,200,360도 전방면,30,2014-01,051-240-4125,35.1125371,129.0139571,2019-09-10
"부산광역시 서구청",부산광역시 서구 보수대로 311 (서대신동3가 35-1),부산광역시 서구 서대신동3가 35-1,다목적,1,200,360도 전방면,30,2014-01,051-240-4125,35.11970061,129.011680014,2019-09-10
"부산광역시 서구청",부산광역시 서구 구덕로185번길 52 (아미동2가 36-8),부산광역시 서구 아미동2가 36-8,다목적,1,200,360도 전방면,30,2014-01,051-240-4125,35.1014673,129.0169394,2019-09-10
"부산광역시 서구청",부산광역시 서구 구덕로 249번길 10 (부용동2가 9-11),부산광역시 서구 부용동2가 9-11,다목적,1,200,360도 전방면,30,2014-01,051-240-4125,35.1070403,129.0196609,2019-09-10
"부산광역시 서구청",부산광역시 서구 구덕로143번길 27 (초장동 43-8),부산광역시 서구 초장동 43-8,다목적,1,200,360도 전방면,30,2014-01,051-240-4125,35.09761261,129.0193828,2019-09-10
"부산광역시 서구청",부산광역시 서구 해돋이로 205 (초장동 75-56),부산광역시 서구 초장동 75-56,다목적,1,200,360도 전방면,30,2014-01,051-240-4125,35.0952464,129.0181753,2019-09-10
"부산광역시 서구청",부산광역시 서구 보수대로 41-5 (토성동1가 10-1),부산광역시 서구 토성동1가 10-1,다목적,1,200,360도 전방면,30,2014-01,051-240-4125,35.10028216,129.0233655,2019-09-10
"부산광역시 서구청",부산광역시 서구 충무대로 225번길 9 (남부민동 69-43),부산광역시 서구 남부민동 69-43,다목적,1,200,360도 전방면,30,2014-01,051-240-4125,35.09064233,129.0236316,2019-09-10
"부산광역시 서구청",부산광역시 서구 천마로197번길 11 (남부민동 23-119),부산광역시 서구 남부민동 23-119,다목적,1,200,360도 전방면,30,2014-01,051-240-4125,35.09294305,129.0214167,2019-09-10
"부산광역시 서구청",부산광역시 서구 남부민로12번길 40 (남부민동 656-16),부산광역시 서구 남부민동 656-16,다목적,1,200,360도 전방면,30,2014-01,051-240-4125,35.08604412,129.0237636,2019-09-10
"부산광역시 서구청",부산광역시 서구 해양로 22 (남부민동 611-343),부산광역시 서구 남부민동 611-343,다목적,1,200,360도 전방면,30,2014-01,051-240-4125,35.08281991,129.0229954,2019-09-10
"부산광역시 서구청",부산광역시 서구 천마로50번길 45 (남부민동 611-51),부산광역시 서구 남부민동 611-51,다목적,1,200,360도 전방면,30,2014-01,051-240-4125,35.08181991,129.0239486,2019-09-10
"부산광역시 서구청",부산광역시 서구 충무대로11번길 25 (암남동 325-2),부산광역시 서구 암남동 325-2,다목적,1,200,360도 전방면,30,2014-01,051-240-4125,35.07770339,129.0150726,2019-09-10
"부산광역시 서구청",부산광역시 서구 암남로6번길 7 (암남동 288-4),부산광역시 서구 암남동 288-4,다목적,1,200,360도 전방면,30,2014-01,051-240-4125,35.07910102,129.0166506,2019-09-10
"부산광역시 서구청",부산광역시 서구 천해로 37-1 (암남동 2-68),부산광역시 서구 암남동 2-68,다목적,1,200,360도 전방면,30,2014-01,051-240-4125,35.08421471,129.0154346,2019-09-10
"부산광역시 서구청",부산광역시 서구 송도해변로 91 (암남동 238-1),부산광역시 서구 암남동 238-1,다목적,1,200,360도 전방면,30,2014-01,051-240-4125,35.07674386,129.017281,2019-09-10
"부산광역시 서구청",부산광역시 서구 보수대로320번길 71 (서대신동3가 61-79),부산광역시 서구 서대신동3가 61-79,다목적,1,200,360도 전방면,30,2014-01,051-240-4125,35.12073725,129.0152416,2019-09-10
"부산광역시 서구청",부산광역시 서구 대영로38번길 23 (서대신동1가 150-1),부산광역시 서구 서대신동1가 150-1,다목적,1,200,360도 전방면,30,2014-01,051-240-4125,35.10888009,129.0146688,2019-09-10
"부산광역시 서구청",부산광역시 서구 대티로 165 (서대신동3가 597-3),부산광역시 서구 서대신동3가 597-3,다목적,1,200,360도 전방면,30,2014-01,051-240-4125,35.11301977,129.0115421,2019-09-10
"부산광역시 서구청",부산광역시 서구 해돋이로330번길 7 (부민동3가 8-1174),부산광역시 서구 부민동3가 8-1174,다목적,1,200,360도 전방면,30,2014-01,051-240-4125,35.1057687,129.0169445,2019-09-10
"부산광역시 서구청",부산광역시 서구 충무대로267번길 9 (충무동1가 37-18),부산광역시 서구 충무동1가 37-18,다목적,1,200,360도 전방면,30,2014-01,051-240-4125,35.09444496,129.0234361,2019-09-10
"부산광역시 서구청",부산광역시 서구 해돋이로 173 (초장동 128-49),부산광역시 서구 초장동 128-49,다목적,1,200,360도 전방면,30,2014-01,051-240-4125,35.09272801,129.0185299,2019-09-10
"부산광역시 서구청",부산광역시 서구 망양로 242번길 1 (동대신동1가 305-371),부산광역시 서구 동대신동1가 305-371,다목적,1,200,360도 전방면,30,2014-12,051-240-4125,35.10910346,129.0241933,2019-09-10
"부산광역시 서구청",부산광역시 서구 대영로 73번길 10 (동대신동2가 313-154),부산광역시 서구 동대신동2가 313-154,다목적,1,200,360도 전방면,30,2014-12,051-240-4125,35.11104912,129.0190607,2019-09-10
"부산광역시 서구청",부산광역시 서구 보수대로 188번길 15 (동대신동2가 168-9),부산광역시 서구 동대신동2가 168-9,다목적,1,200,360도 전방면,30,2014-12,051-240-4125,35.11244217,129.0222054,2019-09-10
"부산광역시 서구청",부산광역시 서구 보동길 294-35 (동대신동2가 87-12),부산광역시 서구 동대신동2가 87-12,다목적,1,200,360도 전방면,30,2014-12,051-240-4125,35.1141431,129.0241776,2019-09-10
"부산광역시 서구청",부산광역시 서구 중앙공원로 42-1 (동대신동2가 87-79),부산광역시 서구 동대신동2가 87-79,다목적,1,200,360도 전방면,30,2014-12,051-240-4125,35.11500087,129.0252649,2019-09-10
"부산광역시 서구청",부산광역시 서구 대영로 85번길 70 (동대신동3가 452-2),부산광역시 서구 동대신동3가 452-2,다목적,1,200,360도 전방면,30,2014-12,051-240-4125,35.11392919,129.019066,2019-09-10
"부산광역시 서구청",부산광역시 서구 구덕로 305번길4 (서대신동2가 42),부산광역시 서구 서대신동2가 42,다목적,1,200,360도 전방면,30,2014-12,051-240-4125,35.11122262,129.0168673,2019-09-10
"부산광역시 서구청",부산광역시 서구 대티로 134번길 60 (서대신동2가 330-5),부산광역시 서구 서대신동2가 330-5,다목적,1,200,360도 전방면,30,2014-12,051-240-4125,35.11140749,129.011384,2019-09-10
"부산광역시 서구청",부산광역시 서구 시약로 5번길 12 (서대신동2가 474-47),부산광역시 서구 서대신동2가 474-47,다목적,1,200,360도 전방면,30,2014-12,051-240-4125,35.11046227,129.0086059,2019-09-10
"부산광역시 서구청",부산광역시 서구 대티로 97-2 (서대신동2가 496),부산광역시 서구 서대신동2가 496,다목적,1,200,360도 전방면,30,2014-12,051-240-4125,35.10813877,129.008948,2019-09-10
"부산광역시 서구청",부산광역시 서구 구덕로 339번길 39 (서대신동3가 304-6),부산광역시 서구 서대신동3가 304-6,다목적,1,200,360도 전방면,30,2014-12,051-240-4125,35.11317749,129.0137657,2019-09-10
"부산광역시 서구청",부산광역시 서구 망양로 33번길 13 (서대신동3가 569),부산광역시 서구 서대신동3가 569,다목적,1,200,360도 전방면,30,2014-12,051-240-4125,35.1137154,129.0130754,2019-09-10
"부산광역시 서구청",부산광역시 서구 보수대로 280번길 56 (서대신동3가 61-15),부산광역시 서구 서대신동3가 61-15,다목적,1,200,360도 전방면,30,2014-12,051-240-4125,35.1206771,129.0162697,2019-09-10
"부산광역시 서구청",부산광역시 서구 꽃마을로 163번길 73 (서대신동3가 산 18-15),부산광역시 서구 서대신동3가 산 18-15,다목적,1,200,360도 전방면,30,2014-12,051-240-4125,35.12641369,129.005742,2019-09-10
"부산광역시 서구청",부산광역시 서구 해돋이로 336-1(부용동2가 93-149),부산광역시 서구 부용동2가 93-149,다목적,1,200,360도 전방면,30,2014-12,051-240-4125,35.1061043,129.0164121,2019-09-10
"부산광역시 서구청",부산광역시 서구 임시수도기념로 61-32 (부민동3가 22-43),부산광역시 서구 부민동3가 22-43,다목적,1,200,360도 전방면,30,2014-12,051-240-4125,35.10275932,129.0168341,2019-09-10
"부산광역시 서구청",부산광역시 서구 까치고개로 139 (아미동2가 236-138),부산광역시 서구 아미동2가 236-138,다목적,1,200,360도 전방면,30,2014-12,051-240-4125,35.10124889,129.0118493,2019-09-10
"부산광역시 서구청",부산광역시 서구 까치고개로 186 (아미동2가 165-4),부산광역시 서구 아미동2가 165-4,다목적,1,200,360도 전방면,30,2014-12,051-240-4125,35.1000497,129.0162527,2019-09-10
"부산광역시 서구청",부산광역시 서구 아미로 77 (아미동2가 212-8),부산광역시 서구 아미동2가 212-8,다목적,1,200,360도 전방면,30,2014-12,051-240-4125,35.0991669,129.013604,2019-09-10
"부산광역시 서구청",부산광역시 서구 해돋이로 248-1 (아미동2가 85-3),부산광역시 서구 아미동2가 85-3,다목적,1,200,360도 전방면,30,2014-12,051-240-4125,35.0987057,129.0166879,2019-09-10
"부산광역시 서구청",부산광역시 서구 까치고개로 103번길 30-25 (아미동2가 260-20),부산광역시 서구 아미동2가 260-20,다목적,1,200,360도 전방면,30,2014-12,051-240-4125,35.103656,129.0132024,2019-09-10
"부산광역시 서구청",부산광역시 서구 초장로 35-4 (초장동 88-18),부산광역시 서구 초장동 88-18,다목적,1,200,360도 전방면,30,2014-12,051-240-4125,35.09521716,129.0203632,2019-09-10
"부산광역시 서구청",부산광역시 서구 구덕로 150번길 25 (토성동3가 13-2),부산광역시 서구 토성동3가 13-2,다목적,1,200,360도 전방면,30,2014-12,051-240-4125,35.09934354,129.0206405,2019-09-10
"부산광역시 서구청",부산광역시 서구 천마로 79 (남부민동 443-2),부산광역시 서구 남부민동 443-2,다목적,1,200,360도 전방면,30,2014-12,051-240-4125,35.08394842,129.0197387,2019-09-10
"부산광역시 서구청",부산광역시 서구 천해로 13번길 13 (남부민동 434-88),부산광역시 서구 남부민동 434-88,다목적,1,200,360도 전방면,30,2014-12,051-240-4125,35.0833962,129.0165327,2019-09-10
"부산광역시 서구청",부산광역시 서구 충무대로 67 (암남동 180-13),부산광역시 서구 암남동 180-13,다목적,1,200,360도 전방면,30,2014-12,051-240-4125,35.0789699,129.0199661,2019-09-10
"부산광역시 서구청",부산광역시 서구 암남공원로 179-13 (암남동 620-38),부산광역시 서구 암남동 620-38,다목적,1,200,360도 전방면,30,2014-12,051-240-4125,35.06270316,129.0196798,2019-09-10
"부산광역시 서구청",부산광역시 서구 원양로 128 (암남동 728-2),부산광역시 서구 암남동 728-2,다목적,1,200,360도 전방면,30,2014-12,051-240-4125,35.06436214,129.0137801,2019-09-10
"부산광역시 서구청",부산광역시 서구 천마로 27번길 34 (암남동 81-34),부산광역시 서구 암남동 81-34,다목적,1,200,360도 전방면,30,2014-12,051-240-4125,35.08143771,129.0191988,2019-09-10
"부산광역시 서구청",부산광역시 서구 망양로120 (동대신동3가 77-7),부산광역시 서구 동대신동3가 77-7,다목적,1,200,360도 전방면,30,2015-12,051-240-4125,35.11685658,129.0194761,2019-09-10
"부산광역시 서구청",부산광역시 서구 대영로73번길 76 (동대신동3가 365),부산광역시 서구 동대신동3가 365,다목적,1,200,360도 전방면,30,2015-12,051-240-4125,35.11375828,129.0176404,2019-09-10
"부산광역시 서구청",부산광역시 서구 구덕로305번길 4-19 (서대신동2가 28-29),부산광역시 서구 서대신동2가 28-29,다목적,1,200,360도 전방면,30,2015-12,051-240-4125,35.11136457,129.0159188,2019-09-10
"부산광역시 서구청",부산광역시 서구 꽃마을로29번길 13-2 (서대신동3가 184-10),부산광역시 서구 서대신동3가 184-10,다목적,1,200,360도 전방면,30,2015-12,051-240-4125,35.11655913,129.011787,2019-09-10
"부산광역시 서구청",부산광역시 서구 대티로161번길 56-18 (서대신동3가 178-9),부산광역시 서구 서대신동3가 178-9,다목적,1,200,360도 전방면,30,2015-12,051-240-4125,35.11560726,129.0111494,2019-09-10
"부산광역시 서구청",부산광역시 서구 시약로34 (서대신동3가 686-32),부산광역시 서구 서대신동3가 686-32,다목적,1,200,360도 전방면,30,2015-12,051-240-4125,35.11272239,129.009043,2019-09-10
"부산광역시 서구청",부산광역시 서구 임시수도기념로 19 (부민동2가 9-6),부산광역시 서구 부민동2가 9-6,다목적,1,200,360도 전방면,30,2015-12,051-240-4125,35.1032382,129.0188154,2019-09-10
"부산광역시 서구청",부산광역시 서구 해돋이로 321 (부민동3가 8-1213),부산광역시 서구 부민동3가 8-1213,다목적,1,200,360도 전방면,30,2015-12,051-240-4125,35.10480737,129.0170162,2019-09-10
"부산광역시 서구청",부산광역시 서구 구덕로232번길 10 (부민동1가 3-1),부산광역시 서구 부민동1가 3-1,다목적,1,200,360도 전방면,30,2015-12,051-240-4125,35.10516796,129.0206877,2019-09-10
"부산광역시 서구청",부산광역시 서구 천마로50번길 1-1 (남부민동 611-22),부산광역시 서구 남부민동 611-22,다목적,1,200,360도 전방면,30,2015-12,051-240-4125,35.08223067,129.022231,2019-09-10
"부산광역시 서구청",부산광역시 서구 까치고개로108번길 7 (아미동2가 265-12),부산광역시 서구 아미동2가 265-12,다목적,1,200,360도 전방면,30,2015-12,051-240-4125,35.103974,129.0108051,2019-09-10
"부산광역시 서구청",부산광역시 서구 해돋이로119번길 29 (남부민동 86-1),부산광역시 서구 남부민동 86-1,다목적,1,200,360도 전방면,30,2015-12,051-240-4125,35.0904631,129.0207804,2019-09-10
"부산광역시 서구청",부산광역시 서구 아미초장로9 (토성동5가 28-2),부산광역시 서구 토성동5가 28-2,다목적,1,200,360도 전방면,30,2015-12,051-240-4125,35.09733693,129.0207839,2019-09-10
"부산광역시 서구청",부산광역시 서구 구덕로120번길 29 (토성동4가 13-1),부산광역시 서구 토성동4가 13-1,다목적,1,200,360도 전방면,30,2015-12,051-240-4125,35.09801094,129.0231646,2019-09-10
"부산광역시 서구청",부산광역시 서구 충무대로83번길 51 (암남동 115-49),부산광역시 서구 암남동 115-49,다목적,1,200,360도 전방면,30,2015-12,051-240-4125,35.08154496,129.0222799,2019-09-10
"부산광역시 서구청",부산광역시 서구 천마로199번길 11 (남부민동 23-130),부산광역시 서구 남부민동 23-130,다목적,1,200,360도 전방면,30,2015-12,051-240-4125,35.09316263,129.0214352,2019-09-10
"부산광역시 서구청",부산광역시 서구 해돋이로22번길 3-4 (남부민동 440),부산광역시 서구 남부민동 440,다목적,1,200,360도 전방면,30,2015-12,051-240-4125,35.08309667,129.019152,2019-09-10
"부산광역시 서구청",부산광역시 서구 천해로13번나길 2-4 (남부민동 434-247),부산광역시 서구 남부민동 434-247,다목적,1,200,360도 전방면,30,2015-12,051-240-4125,35.08286033,129.0168922,2019-09-10
"부산광역시 서구청",부산광역시 서구 암남공원로 1 (암남동 535-2),부산광역시 서구 암남동 535-2,다목적,1,200,360도 전방면,30,2015-12,051-240-4125,35.07549432,129.0161189,2019-09-10
"부산광역시 서구청",부산광역시 서구 암남공원로 16-1 (암남동 546-7),부산광역시 서구 암남동 546-7,다목적,1,200,360도 전방면,30,2015-12,051-240-4125,35.07452085,129.015047,2019-09-10
"부산광역시 서구청",부산광역시 서구 구덕로280번길 11 (동대신동1가 153-19),부산광역시 서구 동대신동1가 153-19,다목적,1,200,360도 전방면,30,2015-12,051-240-4125,35.10940731,129.0191606,2019-09-10
"부산광역시 서구청",부산광역시 서구 망양로193번길 86 (동대신동2가 100-11),부산광역시 서구 동대신동2가 100-11,다목적,1,200,360도 전방면,30,2015-12,051-240-4125,35.1116297,129.0268681,2019-09-10
"부산광역시 서구청",부산광역시 서구 보수대로312 (서대신동3가 41-1),부산광역시 서구 서대신동3가 41-1,다목적,1,200,360도 전방면,30,2015-12,051-240-4125,35.12041462,129.0125312,2019-09-10
"부산광역시 서구청",부산광역시 서구 대영로85번길 14 (동대신동2가 283-2),부산광역시 서구 동대신동2가 283-2,다목적,1,200,360도 전방면,30,2015-12,051-240-4125,35.11166606,129.0203262,2019-09-10
"부산광역시 서구청",부산광역시 서구 망양로162번길 9-9 (동대신동2가 78-80),부산광역시 서구 동대신동2가 78-80,다목적,1,200,360도 전방면,30,2015-12,051-240-4125,35.1146642,129.0236246,2019-09-10
"부산광역시 서구청",부산광역시 서구 등대로113 (남부민동 523-44),부산광역시 서구 남부민동 523-44,다목적,1,200,360도 전방면,30,2015-12,051-240-4125,35.0849998,129.026290038,2019-09-10
"부산광역시 서구청",부산광역시 서구 암남공원로 39 (암남동 595),부산광역시 서구 암남동 595,다목적,1,200,360도 전방면,30,2015-12,051-240-4125,35.0725188,129.0162167,2019-09-10
"부산광역시 서구청",부산광역시 서구 원양로144 (암남동 623),부산광역시 서구 암남동 623,다목적,1,200,360도 전방면,30,2015-12,051-240-4125,35.06585509,129.0130933,2019-09-10
"부산광역시 서구청",부산광역시 서구 해돋이로369 (서대신동1가 252-4),부산광역시 서구 서대신동1가 252-4,다목적,1,200,360도 전방면,30,2015-12,051-240-4125,35.10682411,129.013662,2019-09-10
"부산광역시 서구청",부산광역시 서구 성산길 47-17 (암남동 16-6),부산광역시 서구 암남동 16-6,다목적,1,200,360도 전방면,30,2015-12,051-240-4125,35.0807472,129.012149,2019-09-10
"부산광역시 서구청",부산광역시 서구 망양로150번길 3 (동대신동2가 12-8),부산광역시 서구 동대신동2가 12-8,다목적,1,200,360도 전방면,30,2015-12,051-240-4125,35.11557199,129.022581,2019-09-10
"부산광역시 서구청",부산광역시 서구 구덕로301번길 38 (서대신동2가 153-2),부산광역시 서구 서대신동2가 153-2,다목적,1,200,360도 전방면,30,2016-12,051-240-4125,35.11024948,129.015343,2019-09-10
"부산광역시 서구청",부산광역시 서구 구덕로321번길 55 (서대신동2가 210-1),부산광역시 서구 서대신동2가 210-1,다목적,1,200,360도 전방면,30,2016-12,051-240-4125,35.11139611,129.0138052,2019-09-10
"부산광역시 서구청",부산광역시 서구 흑교로113 (부용동1가 20-30),부산광역시 서구 부용동1가 20-30,다목적,1,200,360도 전방면,30,2016-12,051-240-4125,35.10741282,129.0205239,2019-09-10
"부산광역시 서구청",부산광역시 서구 고운들로35번길 14 (부민동3가 2-3),부산광역시 서구 부민동3가 2-3,다목적,1,200,360도 전방면,30,2016-12,051-240-4125,35.1053141,129.0182628,2019-09-10
"부산광역시 서구청",부산광역시 서구 천마로 27번길 10 (암남동 81-9),부산광역시 서구 암남동 81-9,다목적,1,200,360도 전방면,30,2016-12,051-240-4125,35.0809171,129.0199498,2019-09-10
"부산광역시 서구청",부산광역시 서구 대신로 64 (서대신동3가 546-7),부산광역시 서구 서대신동3가 546-7,다목적,1,200,360도 전방면,30,2016-12,051-240-4125,35.11498772,129.012424,2019-09-10
"부산광역시 서구청",부산광역시 서구 천마로 50번길 1 (남부민동 611-43),부산광역시 서구 남부민동 611-43,다목적,1,200,360도 전방면,30,2016-12,051-240-4125,35.08187619,129.0225205,2019-09-10
"부산광역시 서구청",부산광역시 서구 보수대로 312 (서대신동3가 41-1),부산광역시 서구 서대신동3가 41-1,다목적,1,200,360도 전방면,30,2016-12,051-240-4125,35.12041462,129.0125312,2019-09-10
"부산광역시 서구청",부산광역시 서구 해돋이로 241 (아미동2가 89),부산광역시 서구 아미동2가 89,다목적,1,200,360도 전방면,30,2016-12,051-240-4125,35.09873839,129.0160684,2019-09-10
"부산광역시 서구청",부산광역시 서구 보수대로 258번가길 16 (동대신동3가 29-5),부산광역시 서구 동대신동3가 29-5,다목적,1,200,360도 전방면,30,2016-12,051-240-4125,35.11860887,129.0177206,2019-09-10
"부산광역시 서구청",부산광역시 서구 엄광산로13번길 28,부산광역시 서구 서대신동3가 3-112,다목적,1,200,360도 전방면,30,2016-12,051-240-4125,35.1290551,129.007696,2019-09-10
"부산광역시 서구청",부산광역시 서구 보동길 210-31 (동대신동1가 11-102),부산광역시 서구 동대신동1가 11-102,다목적,1,200,360도 전방면,30,2016-12,051-240-4125,35.11124006,129.0248998,2019-09-10
"부산광역시 서구청",부산광역시 서구 구덕로134번길 4 (토성동5가 34-9 ),부산광역시 서구 토성동5가 34-9,다목적,1,200,360도 전방면,30,2016-12,051-240-4125,35.09722557,129.0220575,2019-09-10
"부산광역시 서구청",부산광역시 서구 구덕로274번길 52 (동대신동1가 278-3),부산광역시 서구 동대신동1가 278-3,다목적,1,200,360도 전방면,30,2016-12,051-240-4125,35.1096936,129.0216366,2019-09-10
"부산광역시 서구청",부산광역시 서구 충무대로 126 (남부민동 523-55),부산광역시 서구 남부민동 523-55,다목적,1,200,360도 전방면,30,2016-12,051-240-4125,35.08145741,129.0253648,2019-09-10
"부산광역시 서구청",부산광역시 서구 송도해변로 10-3 (암남동 135-10),부산광역시 서구 암남동 135-10,다목적,1,200,360도 전방면,30,2016-12,051-240-4125,35.07091461,129.0188211,2019-09-10
"부산광역시 서구청",부산광역시 서구 암남공원로 268 (암남동 625-6),부산광역시 서구 암남동 625-6,다목적,1,200,360도 전방면,30,2016-12,051-240-4125,35.0671313,129.0141112,2019-09-10
"부산광역시 서구청",부산광역시 서구 꽃마을로163번길 73 (서대신동3가 산 18-15),부산광역시 서구 서대신동3가 산 18-15,다목적,1,200,360도 전방면,30,2016-12,051-240-4125,35.12641369,129.005742,2019-09-10
"부산광역시 서구청",부산광역시 서구 망양로193번길 10,부산광역시 서구 동대신동2가 97-3,다목적,1,200,360도 전방면,30,2016-12,051-240-4125,35.1137129,129.0266496,2019-09-10
"부산광역시 서구청",부산광역시 서구 대신공원로 38 (서대신동3가 61-61),부산광역시 서구 서대신동3가 61-61,다목적,1,200,360도 전방면,30,2016-12,051-240-4125,35.12122751,129.0169735,2019-09-10
"부산광역시 서구청",부산광역시 서구 해돋이로273번길 76-6 (부민동3가 8-1034),부산광역시 서구 부민동3가 8-1034,다목적,1,200,360도 전방면,30,2016-12,051-240-4125,35.1032737,129.0158551,2019-09-10
"부산광역시 서구청",부산광역시 서구 옥천로130번길 9 (아미동2가 산 22-8),부산광역시 서구 아미동2가 산 22-8,다목적,1,200,360도 전방면,30,2016-12,051-240-4125,35.09743054,129.0116896,2019-09-10
"부산광역시 서구청",부산광역시 서구 까치고개로 162-1,부산광역시 서구 아미동2가 209-4,다목적,1,200,360도 전방면,30,2016-12,051-240-4125,35.0999263,129.0137702,2019-09-10
"부산광역시 서구청",부산광역시 서구 충무시장길 54 (충무동3가 1-16),부산광역시 서구 충무동3가 1-16,다목적,1,200,360도 전방면,30,2016-12,051-240-4125,35.09401702,129.0229431,2019-09-10
"부산광역시 서구청",부산광역시 서구 시약로 63 (서대신동3가 170-30 ),부산광역시 서구 서대신동3가 170-30,다목적,1,200,360도 전방면,30,2016-12,051-240-4125,35.11544137,129.0087632,2019-09-10
"부산광역시 서구청",부산광역시 서구 해돋이로 260번길 12-12 (아미동2가 100-13),부산광역시 서구 아미동2가 100-13,다목적,1,200,360도 전방면,30,2016-12,051-240-4125,35.09962465,129.0167481,2019-09-10
"부산광역시 서구청",부산광역시 서구 남부민로 80 (남부민동 446-8),부산광역시 서구 남부민동 446-8,다목적,1,200,360도 전방면,30,2016-12,051-240-4125,35.08393193,129.0209443,2019-09-10
"부산광역시 서구청",부산광역시 서구 해돋이로119번길 17 (남부민동 90-23 ),부산광역시 서구 남부민동 90-23,다목적,1,200,360도 전방면,30,2016-12,051-240-4125,35.08982151,129.0209756,2019-09-10
"부산광역시 서구청",부산광역시 서구 천마산로 85 (남부민동 산 16-1 ),부산광역시 서구 남부민동 산 16-1,다목적,1,200,360도 전방면,30,2016-12,051-240-4125,35.0862514,129.0204139,2019-09-10
"부산광역시 서구청",부산광역시 서구 보동길 345( 동대신동3가 262-1),부산광역시 서구 동대신동3가 262-1,다목적,1,200,360도 전방면,30,2016-12,051-240-4125,35.11546384,129.0210692,2019-09-10
"부산광역시 서구청",부산광역시 서구 아미로 41-1 (아미동2가 225-154),부산광역시 서구 아미동2가 225-154,다목적,1,200,360도 전방면,30,2016-12,051-240-4125,35.09973269,129.0119831,2019-09-10
"부산광역시 서구청",부산광역시 서구 충무대로 120 (암남동 95-30),부산광역시 서구 암남동 95-30,다목적,1,200,360도 전방면,30,2016-12,051-240-4125,35.08104175,129.0247845,2019-09-10
"부산광역시 서구청",부산광역시 서구 충무대로 255번길 12 (충무동3가 1-167),부산광역시 서구 충무동3가 1-167,다목적,1,200,360도 전방면,30,2016-12,051-240-4125,35.09343265,129.0231831,2019-09-10
"부산광역시 서구청",부산광역시 서구 망양로92번길 68 (동대신동3가 416-2),부산광역시 서구 동대신동3가 416-2,다목적,1,200,360도 전방면,30,2016-12,051-240-4125,35.11476543,129.0205826,2019-09-10
"부산광역시 서구청",부산광역시 서구 천마로 144-2,부산광역시 서구 남부민동 110-3,다목적,1,200,360도 전방면,30,2017-08,051-240-4125,35.0886015,129.0234496,2019-09-10
"부산광역시 서구청",부산광역시 서구 대영로 44-1,부산광역시 서구 서대신동1가 56-3,다목적,1,200,360도 전방면,30,2017-08,051-240-4125,35.10938074,129.0164271,2019-09-10
"부산광역시 서구청",부산광역시 서구 망양로111번길 32-11,부산광역시 서구 동대신동3가 63-191,다목적,1,200,360도 전방면,30,2017-08,051-240-4125,35.11869443,129.0201576,2019-09-10
"부산광역시 서구청",부산광역시 서구 보수대로 217,부산광역시 서구 동대신동3가 390,다목적,1,200,360도 전방면,30,2017-08,051-240-4125,35.11423168,129.0195165,2019-09-10
"부산광역시 서구청",부산광역시 서구 대영로27번길 26-11,부산광역시 서구 서대신동2가 171-17,다목적,1,200,360도 전방면,30,2017-08,051-240-4125,35.11096887,129.0147861,2019-09-10
"부산광역시 서구청",부산광역시 서구 암남로 14번길 2(암남동 310-5),부산광역시 서구 암남동 301-29,다목적,3,200,360도 전방면,30,2018-05,051-240-4125,35.0789313,129.0159721,2019-09-10
"부산광역시 서구청",부산광역시 서구 꽃마을로 45(서대신동3가 161-33),부산광역시 서구 서대신동3가 161-33,다목적,3,200,360도 전방면,30,2018-05,051-240-4125,35.11803424,129.0117399,2019-09-10
"부산광역시 서구청",부산광역시 서구 남부민로 40번길 60,부산광역시 서구 남부민동 178,다목적,1,200,360도 전방면,30,2018-09,051-240-4125,35.08644728,129.0233657,2019-09-10
"부산광역시 서구청",부산광역시 서구 망양로 101,부산광역시 서구 동대신동3가 75-14,다목적,1,200,360도 전방면,30,2018-09,051-240-4125,35.11775308,129.0184584,2019-09-10
"부산광역시 서구청",부산광역시 서구 해돋이로269번길 37-3,부산광역시 서구 아미동2가 32-328,다목적,2,200,360도 전방면,30,2018-09,051-240-4125,35.10117504,129.0154266,2019-09-10
"부산광역시 서구청",부산광역시 서구 초장로26번길21-4,부산광역시 서구 초장동 102-6,다목적,2,200,360도 전방면,30,2018-09,051-240-4125,35.09465172,129.0207659,2019-09-10
"부산광역시 서구청",부산광역시 서구 보동길287번길12,부산광역시 서구 동대신동2가 75-75,다목적,1,200,360도 전방면,30,2018-09,051-240-4125,35.11368613,129.0228327,2019-09-10
"부산광역시 서구청",부산광역시 서구 해돋이로 48-1,부산광역시 서구 남부민동 429-223,다목적,1,200,360도 전방면,30,2018-09,051-240-4125,35.0837394,129.0188697,2019-09-10
"부산광역시 서구청",부산광역시 서구 구덕로 242-1,부산광역시 서구 부용동1가 62-1,다목적,3,200,360도 전방면,30,2018-09,051-240-4125,35.10628029,129.0203467,2019-09-10
"부산광역시 서구청",부산광역시 서구 보수대로 189,부산광역시 서구 동대신동2가 213-1,다목적,3,200,360도 전방면,30,2018-09,051-240-4125,35.1120716,129.021082,2019-09-10
"부산광역시 서구청",부산광역시 서구 천마산로 3-11,부산광역시 서구 남부민동 428-292,다목적,1,200,360도 전방면,30,2018-09,051-240-4125,35.08437643,129.016548,2019-09-10
"부산광역시 서구청",부산광역시 서구 암남공원로 47-5,부산광역시 서구 암남동 602-2,다목적,2,200,360도 전방면,30,2018-09,051-240-4125,35.0718614,129.016297,2019-09-10
"부산광역시 서구청",부산광역시 서구 중앙공원로7번길 7,부산광역시 서구 동대신동2가 2-102,다목적,1,200,360도 전방면,30,2009-09,051-240-4125,35.11668845,129.0224244,2019-09-10
"부산광역시 서구청",부산광역시 서구 망양로 195번길 9,부산광역시 서구 동대신동2가 102-16,다목적,1,200,360도 전방면,30,2009-09,051-240-4125,35.11294248,129.0265651,2019-09-10
"부산광역시 서구청",부산광역시 서구 천마로 198-3,부산광역시 서구 남부민동 25-6,다목적,3,200,360도 전방면,30,2009-09,051-240-4125,35.0932349,129.022073,2019-09-10
"부산광역시 서구청",부산광역시 서구 충무대로 58,부산광역시 서구 암남동 227-1,다목적,3,200,360도 전방면,30,2009-09,051-240-4125,35.07802632,129.0190621,2019-09-10
"부산광역시 서구청",부산광역시 서구 구덕로 120 (토성동4가 2-4),부산광역시 서구 토성동4가 2-3,다목적,1,200,360도 전방면,30,2003-12,051-240-4125,35.09754159,129.023425,2019-09-10
"부산광역시 서구청",부산광역시 서구 구덕로150번길 29 (토성동3가 15-2),부산광역시 서구 토성동3가 15-3,다목적,1,200,360도 전방면,30,2003-12,051-240-4125,35.099499,129.0207504,2019-09-10
"부산광역시 서구청",부산광역시 서구 보동길 267 (동대신동2가 141-4),부산광역시 서구 동대신동2가 141-4,다목적,1,200,360도 전방면,30,2007-12,051-240-4125,35.11290784,129.0238926,2019-09-10
"부산광역시 서구청",부산광역시 서구 아미로24번길 4-12 (아미동2가 231-130),부산광역시 서구 아미동2가 231-130,다목적,1,200,360도 전방면,30,2011-11,051-240-4125,35.09873412,129.0122041,2019-09-10
"부산광역시 서구청",부산광역시 서구 아미로12번길 12-5 (아미동2가 231-130),부산광역시 서구 아미동2가 231-130,다목적,1,80,360도 전방면,30,2011-11,051-240-4125,35.09810847,129.012544,2019-09-10
"부산광역시 서구청",부산광역시 서구 아미로24번길 5 (아미동2가 231-130),부산광역시 서구 아미동2가 231-130,다목적,1,200,360도 전방면,30,2013-12,051-240-4125,35.09895657,129.0122666,2019-09-10
"부산광역시 서구청",부산광역시 서구 대영로45번길 5 (서대신동2가 125),부산광역시 서구 서대신동2가 125,다목적,1,130,360도 전방면,30,2012-12,051-240-4125,35.10984243,129.0161928,2019-09-10
"부산광역시 서구청",부산광역시 서구 해안새벽시장길 54 (충무동1가 41-2),부산광역시 서구 충무동1가 41-2,다목적,1,200,360도 전방면,30,2014-11,051-240-4125,35.0939451,129.0248755,2019-09-10
"부산광역시 서구청",부산광역시 서구 충무대로268번길 5 (충무동1가 32-19 ),부산광역시 서구 충무동1가 32-19,다목적,1,200,360도 전방면,30,2014-11,051-240-4125,35.09442658,129.0245365,2019-09-10
"부산광역시 서구청",부산광역시 서구 보수대로210번길 13 (동대신동2가 48),부산광역시 서구 동대신동2가 48,다목적,1,200,360도 전방면,30,2014-11,051-240-4125,35.11427679,129.0213514,2019-09-10
"부산광역시 서구청",부산광역시 서구 해돋이로53번길 16 (남부민동 428-160),부산광역시 서구 남부민동 428-160,다목적,1,200,360도 전방면,30,2014-12,051-240-4125,35.08418155,129.0187271,2019-09-10
"부산광역시 서구청",부산광역시 서구 충무대로149번나길 22 (남부민동 572),부산광역시 서구 남부민동 572,다목적,1,200,360도 전방면,30,2015-02,051-240-4125,35.0835381,129.023592,2019-09-10
"부산광역시 서구청",부산광역시 서구 천마로77번길 21-2 (남부민동 441-55),부산광역시 서구 남부민동 441-55,다목적,1,200,360도 전방면,30,2015-11,051-240-4125,35.08328686,129.0187708,2019-09-10
"부산광역시 서구청",부산광역시 서구 천마산로 370 (초장동 39-48),부산광역시 서구 초장동 39-48,다목적,2,200,360도 전방면,30,2015-11,051-240-4125,35.09698348,129.0166831,2019-09-10
"부산광역시 서구청",부산광역시 서구 보동길156-4 (동대신동1가 305-299),부산광역시 서구 동대신동1가 305-299,다목적,1,200,360도 전방면,30,2015-12,051-240-4125,35.10904145,129.0238058,2019-09-10
"부산광역시 서구청",부산광역시 서구 망양로175번길 12 (동대신동2가 87-129),부산광역시 서구 동대신동2가 87-129,다목적,1,200,360도 전방면,30,2015-12,051-240-4125,35.11463496,129.0251593,2019-09-10
"부산광역시 서구청",부산광역시 서구 구덕로157번길 7 (초장동 13-1),부산광역시 서구 초장동 13-1,다목적,1,200,360도 전방면,30,2015-12,051-240-4125,35.09865212,129.0195181,2019-09-10
"부산광역시 서구청",부산광역시 서구 해돋이로 110 (남부민동 96-22),부산광역시 서구 남부민동 96-22,다목적,1,200,360도 전방면,30,2015-12,051-240-4125,35.08858481,129.0218573,2019-09-10
"부산광역시 서구청",부산광역시 서구 장군산로46번길 42 (암남동 551),부산광역시 서구 암남동 551,다목적,1,200,360도 전방면,30,2015-12,051-240-4125,35.07411838,129.0141031,2019-09-10
"부산광역시 서구청",부산광역시 서구 중앙공원로 23-1 (동대신동2가 2-62),부산광역시 서구 동대신동2가 2-62,다목적,1,200,360도 전방면,30,2016-06,051-240-4125,35.11623668,129.0237907,2019-09-10
"부산광역시 서구청",부산광역시 서구 중앙공원로 7 (동대신동2가 2-109),부산광역시 서구 동대신동2가 2-109,다목적,1,200,360도 전방면,30,2016-06,051-240-4125,35.1164574,129.0224188,2019-09-10
"부산광역시 서구청",부산광역시 서구 대영로45번길 39-31 (서대신동2가 171-11 ),부산광역시 서구 서대신동2가 171-11,다목적,1,200,360도 전방면,30,2016-06,051-240-4125,35.11110102,129.0148595,2019-09-10
"부산광역시 서구청",부산광역시 서구 부용로 2-1 (서대신동1가 123-2),부산광역시 서구 서대신동1가 123-2,다목적,1,200,360도 전방면,30,2016-06,051-240-4125,35.1089551,129.0157937,2019-09-10
"부산광역시 서구청",부산광역시 서구 대신로 17 (서대신동3가 602-4),부산광역시 서구 서대신동3가 602-4,다목적,1,200,360도 전방면,30,2016-06,051-240-4125,35.11298454,129.0119272,2019-09-10
"부산광역시 서구청",부산광역시 서구 꽃마을로 59 (서대신동3가 31-178),부산광역시 서구 서대신동3가 31-178,다목적,1,200,360도 전방면,30,2016-06,051-240-4125,35.11915452,129.0111357,2019-09-10
"부산광역시 서구청",부산광역시 서구 초장로30번길 4 (초장동 89-120),부산광역시 서구 초장동 89-120,다목적,1,200,360도 전방면,30,2016-06,051-240-4125,35.09473774,129.0205794,2019-09-10
"부산광역시 서구청",부산광역시 서구 해안새벽시장길 14 (충무동1가 12-131),부산광역시 서구 충무동1가 12-131,다목적,1,200,360도 전방면,30,2016-06,051-240-4125,35.09564158,129.0253867,2019-09-10
"부산광역시 서구청",부산광역시 서구 충무대로 210 (남부민동 695-3),부산광역시 서구 남부민동 695-3,다목적,1,200,360도 전방면,30,2016-06,051-240-4125,35.08937201,129.0245826,2019-09-10
"부산광역시 서구청",부산광역시 서구 송도해변로150 (암남동 129-3),부산광역시 서구 암남동 129-3,다목적,1,200,360도 전방면,30,2016-06,051-240-4125,35.0765149,129.022383,2019-09-10
"부산광역시 서구청",부산광역시 서구 송도해변로150 (암남동 129-3),부산광역시 서구 암남동 129-3,다목적,1,200,360도 전방면,30,2016-06,051-240-4125,35.0765149,129.022383,2019-09-10
"부산광역시 서구청",부산광역시 서구 감천로 219 (암남동 10-10),부산광역시 서구 암남동 10-10,다목적,1,200,360도 전방면,30,2016-06,051-240-4125,35.0825671,129.0117153,2019-09-10
"부산광역시 서구청",부산광역시 서구 천마산로209번길 94 (남부민동 1-6),부산광역시 서구 남부민동 1-6,다목적,1,200,360도 전방면,30,2016-06,051-240-4125,35.08903987,129.0174786,2019-09-10
"부산광역시 서구청",부산광역시 서구 아미초장로 54-3 (초장동 42-16),부산광역시 서구 초장동 42-16,다목적,1,200,360도 전방면,30,2016-06,051-240-4125,35.09693856,129.0191644,2019-09-10
"부산광역시 서구청",부산광역시 서구 아미초장로 117-9 (아미동2가 93-2),부산광역시 서구 아미동2가 93-2,다목적,1,200,360도 전방면,30,2016-06,051-240-4125,35.09920466,129.0170755,2019-09-10
"부산광역시 서구청",부산광역시 서구 충무대로145번길 17-2 (남부민동 611-56),부산광역시 서구 남부민동 611-56,다목적,1,200,360도 전방면,30,2016-06,051-240-4125,35.08293152,129.0247304,2019-09-10
"부산광역시 서구청",부산광역시 서구 망양로 193번길 104 (동대신동1가 11-33),부산광역시 서구 동대신동1가 11-33,다목적,1,200,360도 전방면,30,2016-06,051-240-4125,35.1111613,129.0261985,2019-09-10
"부산광역시 서구청",부산광역시 서구 구덕로186번길 22 (토성동2가 9-2),부산광역시 서구 토성동2가 9-2,다목적,1,200,360도 전방면,30,2016-06,051-240-4125,35.10108085,129.0210825,2019-09-10
"부산광역시 서구청",부산광역시 서구 부용로30 (부용동2가 86),부산광역시 서구 부용동2가 86,다목적,1,200,360도 전방면,30,2016-06,051-240-4125,35.1074773,129.018066,2019-09-10
"부산광역시 서구청",부산광역시 서구 보수대로 229 (동대신동3가 313),부산광역시 서구 동대신동3가 313,다목적,1,200,360도 전방면,30,2016-06,051-240-4125,35.11480278,129.0183418,2019-09-10
"부산광역시 서구청",부산광역시 서구 까치고개로198번길 23 (아미동2가 72-2),부산광역시 서구 아미동2가 72-2,다목적,1,200,360도 전방면,30,2016-12,051-240-4125,35.09887367,129.018120019,2019-09-10
"부산광역시 서구청",부산광역시 서구 아미동2가 39-282,부산광역시 서구 아미동2가 39-282,다목적,2,200,360도 전방면,30,2017-01,051-240-4125,35.097414,129.012068,2019-09-10
"부산광역시 서구청",부산광역시 서구 송도해변로 33,부산광역시 서구 암남동 614-5,다목적,1,200,360도 전방면,30,2017-06,051-240-4125,35.07219403,129.0164542,2019-09-10
"부산광역시 서구청",부산광역시 서구 암남공원로 56,부산광역시 서구 암남동 605-13,다목적,1,200,360도 전방면,30,2017-06,051-240-4125,35.0709841,129.0161379,2019-09-10
"부산광역시 서구청",부산광역시 서구 옥천로 173번길 31,부산광역시 서구 아미동2가 237-127,다목적,1,200,360도 전방면,30,2017-06,051-240-4125,35.10088059,129.0103665,2019-09-10
"부산광역시 서구청",부산광역시 서구 보수대로258번길 30,부산광역시 서구 동대신동3가 74-3,다목적,1,200,360도 전방면,30,2017-06,051-240-4125,35.11809018,129.017914,2019-09-10
"부산광역시 서구청",부산광역시 서구 망양로193번길 82-1,부산광역시 서구 동대신동2가 100-86,다목적,1,200,360도 전방면,30,2017-06,051-240-4125,35.11176087,129.0269526,2019-09-10
"부산광역시 서구청",부산광역시 서구 천마산로 410,부산광역시 서구 아미동2가 89-9,다목적,1,200,360도 전방면,30,2017-11,051-240-4125,35.09823604,129.0148455,2019-09-10
"부산광역시 서구청",부산광역시 서구 꽃마을로163번길 32,부산광역시 서구 서대신동3가 7-58,다목적,3,200,360도 전방면,30,2017-12,051-240-4125,35.12746633,129.0063909,2019-09-10
"부산광역시 서구청",부산광역시 서구 해돋이로 211,부산광역시 서구 초장동 65-258,다목적,1,200,360도 전방면,30,2017-12,051-240-4125,35.09570314,129.0182392,2019-09-10
"부산광역시 서구청",부산광역시 서구 엄광산로13번길 71,부산광역시 서구 서대신동3가 산 67,다목적,1,200,360도 전방면,30,2017-12,051-240-4125,35.13074312,129.0070373,2019-09-10
"부산광역시 서구청",부산광역시 서구 엄광산로107번길 19,부산광역시 서구 서대신동3가 산 67,다목적,1,200,360도 전방면,30,2017-12,051-240-4125,35.1308371,129.0094134,2019-09-10
"부산광역시 서구청",부산광역시 서구 보수대로 193번길 9,부산광역시 서구 동대신동2가 222,다목적,1,200,360도 전방면,30,2013-12,051-240-4125,35.11234687,129.0205711,2019-09-10
"부산광역시 서구청",부산광역시 서구 해돋이로 226번길 15,부산광역시 서구 초장동 41-16,다목적,1,200,360도 전방면,30,2013-12,051-240-4125,35.09727902,129.0184184,2019-09-10
"부산광역시 서구청",부산광역시 서구 해돋이로 228번길 5,부산광역시 서구 초장동 37-2,다목적,1,200,360도 전방면,30,2013-12,051-240-4125,35.09732396,129.0178844,2019-09-10
"부산광역시 서구청",부산광역시 서구 보동길 215,부산광역시 서구 동대신동1가11-41,다목적,1,200,360도 전방면,30,2013-12,051-240-4125,35.11164553,129.0247958,2019-09-10
"부산광역시 서구청",부산광역시 서구 망양로194번길15-8,부산광역시 서구 동대신동2가103-64,다목적,1,200,360도 전방면,30,2013-12,051-240-4125,35.11250745,129.0252032,2019-09-10
"부산광역시 서구청",부산광역시 서구 남부민로 27,부산광역시 서구 남부민동503-9,다목적,1,200,360도 전방면,30,2013-12,051-240-4125,35.08405086,129.0235389,2019-09-10
"부산광역시 서구청",부산광역시 서구 남부민로 69번길 19,부산광역시 서구 남부민동611-273,다목적,1,200,360도 전방면,30,2013-12,051-240-4125,35.08319072,129.0219434,2019-09-10
"부산광역시 서구청",부산광역시 서구 아미로 30번길 10,부산광역시 서구 아미동2가231-130,다목적,1,200,360도 전방면,30,2013-12,051-240-4125,35.09909772,129.0124499,2019-09-10
"부산광역시 서구청",부산광역시 서구 옥천로 164번길 7-2,부산광역시 서구 아미동2가 225-147,다목적,1,200,360도 전방면,30,2013-12,051-240-4125,35.0999865,129.0116289,2019-09-10
"부산광역시 서구청",부산광역시 서구 아미로43,부산광역시 서구 아미동2가225-150,다목적,1,200,360도 전방면,30,2013-12,051-240-4125,35.09991176,129.0120533,2019-09-10
"부산광역시 서구청",부산광역시 서구 아미로 12번길 7-12,부산광역시 서구 아미동2가231-130,다목적,1,200,360도 전방면,30,2013-12,051-240-4125,35.09844848,129.0124734,2019-09-10
"부산광역시 서구청",부산광역시 서구 해돋이로206번길 3-6,부산광역시 서구 초장동 65-225,다목적,1,200,360도 전방면,30,2018-04,051-240-4125,35.09553379,129.0188842,2019-09-10
"부산광역시 서구청",부산광역시 서구 구덕로 296번길 60,부산광역시 서구 동대신동2가 286-1,다목적,1,200,360도 전방면,30,2027-12,051-240-4125,35.11149285,129.0207694,2019-09-10
"부산광역시 서구청",부산광역시 서구 서대신동3가 산 16-3,부산광역시 서구 서대신동3가 산 16-3,다목적,1,200,360도 전방면,30,2027-12,051-240-4125,35.124505,129.008016,2019-09-10
"부산광역시 서구청",부산광역시 서구 시약로 125-8,부산광역시 서구 서대신동3가 31-299,다목적,1,200,360도 전방면,30,2027-12,051-240-4125,35.12095736,129.0093681,2019-09-10
"부산광역시 서구청",부산광역시 서구 꽃마을로65번길 10,부산광역시 서구 서대신동3가 31-205,다목적,1,200,360도 전방면,30,2027-12,051-240-4125,35.1197309,129.0102087,2019-09-10
"부산광역시 서구청",부산광역시 서구 천마로 57,부산광역시 서구 남부민동 611-11,다목적,1,200,360도 전방면,30,2027-12,051-240-4125,35.0824575,129.0211666,2019-09-10
"부산광역시 서구청",부산광역시 서구 망양로183번길 7-1,부산광역시 서구 동대신동2가 87-142,다목적,1,200,360도 전방면,30,2027-12,051-240-4125,35.11400383,129.0256087,2019-09-10
"부산광역시 서구청",부산광역시 서구 해돋이로134번길 6-1,부산광역시 서구 남부민동 50-513,다목적,1,200,360도 전방면,30,2027-12,051-240-4125,35.0905694,129.0219716,2019-09-10
"부산광역시 서구청",부산광역시 서구 해돋이로214번길 26,부산광역시 서구 초장동 75-243,다목적,1,200,360도 전방면,30,2027-12,051-240-4125,35.09619243,129.0193785,2019-09-10
"부산광역시 서구청",부산광역시 서구 까치고개로245번길 17-19,부산광역시 서구 토성동1가 13-6,다목적,1,200,360도 전방면,30,2027-12,051-240-4125,35.10033987,129.0222835,2019-09-10
"부산광역시 서구청",부산광역시 서구 구덕로 114번길 17,부산광역시 서구 충무동1가 5-8,다목적,1,200,360도 전방면,30,2027-12,051-240-4125,35.09713081,129.0242788,2019-09-10
"부산광역시 서구청",부산광역시 서구 보동길327번길 1-8,부산광역시 서구 동대신동2가 25-43,다목적,1,200,360도 전방면,30,2027-12,051-240-4125,35.11462224,129.0220355,2019-09-10
"부산광역시 서구청",부산광역시 서구 망양로112번길 2,부산광역시 서구 동대신동3가 77-68,다목적,1,200,360도 전방면,30,2027-12,051-240-4125,35.1174479,129.0190344,2019-09-10
"부산광역시 서구청",부산광역시 서구 보수대로 268,부산광역시 서구 동대신동3가 13-114,다목적,1,200,360도 전방면,30,2027-12,051-240-4125,35.11791693,129.0166287,2019-09-10
"부산광역시 서구청",부산광역시 서구 보동길 185번길 6,부산광역시 서구 동대신동1가 16-168,다목적,1,200,360도 전방면,30,2027-12,051-240-4125,35.11048317,129.0238151,2019-09-10
"부산광역시 서구청",부산광역시 서구 대영로85번길 43,부산광역시 서구 동대신동2가 305,다목적,1,200,360도 전방면,30,2027-12,051-240-4125,35.11280834,129.0194858,2019-09-10
"부산광역시 서구청",부산광역시 서구 대영로112번길 65,부산광역시 서구 동대신동2가 118-2,다목적,1,200,360도 전방면,30,2027-12,051-240-4125,35.11245023,129.0238813,2019-09-10
"부산광역시 서구청",부산광역시 서구 구덕로 337,부산광역시 서구 서대신동3가 289,다목적,1,200,360도 전방면,30,2027-12,051-240-4125,35.11382413,129.0156329,2019-09-10
"부산광역시 서구청",부산광역시 서구 충무대로 201-1,부산광역시 서구 남부민동 650-21,다목적,1,200,360도 전방면,30,2027-12,051-240-4125,35.08866126,129.0241879,2019-09-10
"부산광역시 서구청",부산광역시 서구 해돋이로 289,부산광역시 서구 부민동3가 54-297,다목적,1,200,360도 전방면,30,2027-12,051-240-4125,35.10212135,129.0163973,2019-09-10
"부산광역시 서구청",부산광역시 서구 구덕로285번길 24-1,부산광역시 서구 서대신동1가 54-12,다목적,1,200,360도 전방면,30,2027-12,051-240-4125,35.10913996,129.0168159,2019-09-10
"부산광역시 서구청",부산광역시 서구 구덕로 305번길 42,부산광역시 서구 서대신동2가 166-2,다목적,1,200,360도 전방면,30,2027-12,051-240-4125,35.1112014,129.0168398,2019-09-10
"부산광역시 서구청",부산광역시 서구 해돋이로 269번길 17,부산광역시 서구 아미동2가 133-8,다목적,1,200,360도 전방면,30,2027-12,051-240-4125,35.10026389,129.0155928,2019-09-10
"부산광역시 서구청",부산광역시 서구 해돋이로 153번길 9,부산광역시 서구 남부민동 50-33,다목적,1,200,360도 전방면,30,2027-12,051-240-4125,35.09124538,129.0196775,2019-09-10
"부산광역시 서구청",부산광역시 서구 해돋이로277번길 9-1,부산광역시 서구 아미동2가 32-378,다목적,1,200,360도 전방면,30,2027-12,051-240-4125,35.10123653,129.0160641,2019-09-10
"부산광역시 서구청",부산광역시 서구 까치고개로151번길 15,부산광역시 서구 아미동2가 216-186,다목적,1,200,360도 전방면,30,2027-12,051-240-4125,35.10056383,129.0135957,2019-09-10
"부산광역시 서구청",부산광역시 서구 대영로 13-4,부산광역시 서구 서대신동2가 260-6,다목적,1,200,360도 전방면,30,2027-12,051-240-4125,35.11037542,129.0136221,2019-09-10
"부산광역시 서구청",부산광역시 서구 남부민로67번길 33,부산광역시 서구 남부민동 502-6,다목적,1,200,360도 전방면,30,2027-12,051-240-4125,35.08360417,129.0230894,2019-09-10
"부산광역시 서구청",부산광역시 서구 암남공원로522번길 39-4,부산광역시 서구 암남동 산 55,다목적,1,200,360도 전방면,30,2027-12,051-240-4125,35.07765335,129.0122256,2019-09-10
"부산광역시 서구청",부산광역시 서구 구덕로274번길 13,부산광역시 서구 동대신동1가 214-9,다목적,1,200,360도 전방면,30,2027-12,051-240-4125,35.1091655,129.0195832,2019-09-10
"부산광역시 서구청",부산광역시 서구 아미동2가 산 22-16,부산광역시 서구 아미동2가 산 22-16,다목적,1,200,360도 전방면,30,2027-12,051-240-4125,35.101594,129.014473,2019-09-10
"부산광역시 서구청",부산광역시 서구 대신로109번길 11,부산광역시 서구 서대신동3가 141-3,다목적,1,200,360도 전방면,30,2027-12,051-240-4125,35.11713018,129.0129987,2019-09-10
"부산광역시 서구청",부산광역시 서구 아미로 3,부산광역시 서구 아미동2가 231-80,다목적,1,200,360도 전방면,30,2027-12,051-240-4125,35.09823942,129.0116043,2019-09-10
"부산광역시 서구청",부산광역시 서구 남부민로69번길 28,부산광역시 서구 남부민동 611-332,다목적,2,200,360도 전방면,30,2009-09,051-240-4125,35.08306207,129.0223086,2019-09-10
"부산광역시 서구청",부산광역시 서구 해양로34번길 12-1,부산광역시 서구 남부민동 611-188,다목적,3,200,360도 전방면,30,2009-09,051-240-4125,35.08282241,129.0239252,2019-09-10
"부산광역시 서구청",부산광역시 서구 남부민로69번길 13,부산광역시 서구 남부민동 611-265,다목적,2,200,360도 전방면,30,2009-09,051-240-4125,35.0833899964,129.0218825,2019-09-10
